-- Insert sample users
INSERT INTO users (user_id, first_name, last_name, email, password_hash, phone_number, role, created_at) VALUES
('00000000-0000-0000-0000-000000000001', 'John', 'Doe', 'john.doe@example.com', 'hashed_pw_1', '+1234567890', 'host', '2023-01-15'),
('00000000-0000-0000-0000-000000000002', 'Sarah', 'Smith', 'sarah.smith@example.com', 'hashed_pw_2', '+1987654321', 'host', '2023-02-20'),
('00000000-0000-0000-0000-000000000003', 'Mike', 'Johnson', 'mike.j@example.com', 'hashed_pw_3', '+1122334455', 'guest', '2023-03-10'),
('00000000-0000-0000-0000-000000000004', 'Emma', 'Wilson', 'emma.w@example.com', 'hashed_pw_4', '+1555666777', 'guest', '2023-04-05'),
('00000000-0000-0000-0000-000000000005', 'Admin', 'User', 'admin@airbnb.com', 'hashed_pw_admin', NULL, 'admin', '2023-01-01');

-- Assign user roles
INSERT INTO user_roles (user_id, role) VALUES
('00000000-0000-0000-0000-000000000001', 'host'),
('00000000-0000-0000-0000-000000000001', 'guest'),
('00000000-0000-0000-0000-000000000002', 'host'),
('00000000-0000-0000-0000-000000000003', 'guest'),
('00000000-0000-0000-0000-000000000004', 'guest'),
('00000000-0000-0000-0000-000000000005', 'admin');

-- Insert properties
INSERT INTO properties (property_id, host_id, name, description, location, price_per_night, created_at, updated_at) VALUES
('00000000-0000-0000-0000-000000000101', '00000000-0000-0000-0000-000000000001', 'Beachfront Villa', 'Luxury villa with ocean view', 'Miami Beach, FL', 350.00, '2023-01-20', '2023-05-15'),
('00000000-0000-0000-0000-000000000102', '00000000-0000-0000-0000-000000000001', 'Downtown Loft', 'Modern loft in city center', 'Chicago, IL', 185.00, '2023-02-25', '2023-02-25'),
('00000000-0000-0000-0000-000000000103', '00000000-0000-0000-0000-000000000002', 'Mountain Cabin', 'Cozy cabin with mountain views', 'Aspen, CO', 275.00, '2023-03-15', '2023-06-01');

-- Insert bookings
INSERT INTO bookings (booking_id, property_id, user_id, start_date, end_date, snapshot_price_per_night, status, created_at) VALUES
('00000000-0000-0000-0000-000000000201', '00000000-0000-0000-0000-000000000101', '00000000-0000-0000-0000-000000000003', '2023-07-10', '2023-07-15', 350.00, 'confirmed', '2023-06-01'),
('00000000-0000-0000-0000-000000000202', '00000000-0000-0000-0000-000000000102', '00000000-0000-0000-0000-000000000004', '2023-08-05', '2023-08-10', 185.00, 'confirmed', '2023-07-10'),
('00000000-0000-0000-0000-000000000203', '00000000-0000-0000-0000-000000000103', '00000000-0000-0000-0000-000000000003', '2023-09-01', '2023-09-07', 275.00, 'pending', '2023-08-15'),
('00000000-0000-0000-0000-000000000204', '00000000-0000-0000-0000-000000000101', '00000000-0000-0000-0000-000000000004', '2023-10-20', '2023-10-25', 350.00, 'canceled', '2023-09-01');

-- Insert payments
INSERT INTO payments (payment_id, booking_id, amount, payment_date, payment_method, status) VALUES
('00000000-0000-0000-0000-000000000301', '00000000-0000-0000-0000-000000000201', 1750.00, '2023-06-02', 'credit_card', 'completed'),
('00000000-0000-0000-0000-000000000302', '00000000-0000-0000-0000-000000000202', 925.00, '2023-07-11', 'paypal', 'completed'),
('00000000-0000-0000-0000-000000000303', '00000000-0000-0000-0000-000000000203', 1650.00, NULL, 'credit_card', 'pending'),
('00000000-0000-0000-0000-000000000304', '00000000-0000-0000-0000-000000000204', 1750.00, '2023-09-02', 'stripe', 'refunded');

-- Insert reviews
INSERT INTO reviews (review_id, property_id, user_id, rating, comment, created_at) VALUES
('00000000-0000-0000-0000-000000000401', '00000000-0000-0000-0000-000000000101', '00000000-0000-0000-0000-000000000003', 5, 'Amazing view and perfect location!', '2023-07-16'),
('00000000-0000-0000-0000-000000000402', '00000000-0000-0000-0000-000000000102', '00000000-0000-0000-0000-000000000004', 4, 'Great stay but a bit noisy at night', '2023-08-11'),
('00000000-0000-0000-0000-000000000403', '00000000-0000-0000-0000-000000000101', '00000000-0000-0000-0000-000000000004', 5, 'Perfect for our anniversary trip!', '2023-10-26');

-- Insert messages
INSERT INTO messages (message_id, sender_id, recipient_id, message_body, sent_at) VALUES
('00000000-0000-0000-0000-000000000501', '00000000-0000-0000-0000-000000000003', '00000000-0000-0000-0000-000000000001', 'Is the beach accessible year-round?', '2023-06-01 10:30:00'),
('00000000-0000-0000-0000-000000000502', '00000000-0000-0000-0000-000000000001', '00000000-0000-0000-0000-000000000003', 'Yes, it''s open all year!', '2023-06-01 11:15:00'),
('00000000-0000-0000-0000-000000000503', '00000000-0000-0000-0000-000000000004', '00000000-0000-0000-0000-000000000001', 'Do you allow pets in the loft?', '2023-07-10 14:20:00'),
('00000000-0000-0000-0000-000000000504', '00000000-0000-0000-0000-000000000001', '00000000-0000-0000-0000-000000000004', 'Only small dogs with prior approval', '2023-07-10 15:45:00'),
('00000000-0000-0000-0000-000000000505', '00000000-0000-0000-0000-000000000005', '00000000-0000-0000-0000-000000000001', 'Reminder: Update your property photos', '2023-05-01 09:00:00');